,Rank,Player,Pos,"Team Currently With","Age At Signing","Start Year","End Year",Yrs,Value,"Average Salary","Average pct of Cap At Sign","Guarantee at Sign","Practical Guarantee",Year
0,1,Patrick Mahomes,QB,"KC
KC",24,2020,2031,10,"$450,000,000","$45,000,000",22.70%,"$63,081,905","$141,481,905",qb
1,T2,Joe Burrow,QB,"CIN
CIN",26,2023,2029,5,"$275,000,000","$55,000,000",24.47%,"$146,510,000","$219,010,000",qb
2,T2,Trevor Lawrence,QB,"JAX
JAX",24,2024,2030,5,"$275,000,000","$55,000,000",21.53%,"$142,000,000","$200,000,000",qb
3,4,Justin Herbert,QB,"LAC
LAC",25,2023,2029,5,"$262,500,000","$52,500,000",23.35%,"$133,738,376","$218,738,376",qb
4,5,Lamar Jackson,QB,"BAL
BAL",26,2023,2027,5,"$260,000,000","$52,000,000",23.13%,"$135,000,000","$185,000,000",qb
5,6,Josh Allen,QB,"BUF
BUF",24,2021,2028,6,"$258,034,000","$43,005,667",23.56%,"$100,038,596","$150,000,000",qb
6,7,Jalen Hurts,QB,"PHI
PHI",24,2023,2028,5,"$255,000,000","$51,000,000",22.69%,"$110,000,000","$179,399,000",qb
7,8,Dak Prescott,QB,"DAL
DAL",31,2024,2028,4,"$240,000,000","$60,000,000",23.49%,"$129,000,000","$231,000,000",qb
8,9,Kyler Murray,QB,"ARI
ARI",24,2022,2028,5,"$230,500,000","$46,100,000",22.14%,"$103,300,000","$159,797,000",qb
9,10,Deshaun Watson,QB,"CLE
CLE",26,2022,2026,5,"$230,000,000","$46,000,000",22.09%,"$230,000,000","$230,000,000",qb
10,11,Jordan Love,QB,"GB
GB",25,2024,2028,4,"$220,000,000","$55,000,000",21.53%,"$100,800,000","$160,300,000",qb
11,12,Tua Tagovailoa,QB,"MIA
MIA",26,2024,2028,4,"$212,400,000","$53,100,000",20.79%,"$93,171,000","$167,171,000",qb
12,13,Jared Goff,QB,"DET
DET",29,2024,2028,4,"$212,000,000","$53,000,000",20.75%,"$113,611,000","$170,611,000",qb
13,14,Kirk Cousins,QB,"ATL
ATL",35,2024,2027,4,"$180,000,000","$45,000,000",17.62%,"$90,000,000","$100,000,000",qb
14,15,Matthew Stafford,QB,"LAR
LAR",33,2022,2026,4,"$160,000,000","$40,000,000",19.21%,"$63,000,000","$130,000,000",qb
15,16,Derek Carr,QB,"NO
NO",31,2023,2026,4,"$150,000,000","$37,500,000",16.68%,"$60,000,000","$100,000,000",qb
16,17,Aaron Rodgers,QB,"NYJ
NYJ",39,2023,2025,3,"$112,500,000","$37,500,000",16.68%,"$75,000,000","$75,000,000",qb
17,18,Baker Mayfield,QB,"TB
TB",28,2024,2026,3,"$100,000,000","$33,333,333",13.05%,"$40,000,000","$50,000,000",qb
18,19,Geno Smith,QB,"SEA
SEA",32,2023,2025,3,"$75,000,000","$25,000,000",11.12%,"$27,300,000","$40,000,000",qb
19,20,Caleb Williams,QB,"CHI
CHI",22,2024,2028,4,"$39,486,058","$9,871,515",3.87%,"$39,486,058","$39,486,058",qb
20,21,Bryce Young,QB,"CAR
CAR",21,2023,2027,4,"$37,955,071","$9,488,768",4.22%,"$37,955,071","$37,955,071",qb
21,22,Jayden Daniels,QB,"WAS
WAS",23,2024,2028,4,"$37,746,650","$9,436,663",3.69%,"$37,746,650","$37,746,650",qb
22,23,Drake Maye,QB,"NE
NE",21,2024,2028,4,"$36,639,764","$9,159,941",3.59%,"$36,639,764","$36,639,764",qb
23,24,C.J. Stroud,QB,"HOU
HOU",21,2023,2027,4,"$36,279,243","$9,069,811",4.03%,"$36,279,243","$36,279,243",qb
24,25,Zach Wilson,QB,"DEN
DEN",21,2021,2024,4,"$35,150,681","$8,787,670",4.82%,"$35,150,681","$35,150,681",qb
25,26,Trey Lance,QB,"DAL
DAL",20,2021,2024,4,"$34,105,275","$8,526,319",4.67%,"$34,105,275","$34,105,275",qb
26,27,Anthony Richardson,QB,"IND
IND",21,2023,2027,4,"$33,994,031","$8,498,508",3.78%,"$33,994,031","$33,994,031",qb
27,28,Gardner Minshew,QB,"LV
LV",27,2024,2025,2,"$25,000,000","$12,500,000",4.89%,"$15,000,000","$15,000,000",qb
28,29,Michael Penix Jr.,QB,"ATL
ATL",23,2024,2028,4,"$22,882,636","$5,720,659",2.24%,"$22,882,636","$22,882,636",qb
29,30,J.J. McCarthy,QB,"MIN
MIN",21,2024,2028,4,"$21,854,796","$5,463,699",2.14%,"$21,854,796","$21,854,796",qb
30,31,Justin Fields,QB,"PIT
PIT",21,2021,2024,4,"$18,871,957","$4,717,989",2.59%,"$18,871,957","$18,871,957",qb
31,32,Bo Nix,QB,"DEN
DEN",24,2024,2028,4,"$18,613,166","$4,653,292",1.82%,"$18,613,166","$18,613,166",qb
32,33,Mac Jones,QB,"JAX
JAX",22,2021,2024,4,"$15,586,352","$3,896,588",2.14%,"$15,586,352","$15,586,352",qb
33,34,Kenny Pickett,QB,"PHI
PHI",23,2022,2026,4,"$14,067,905","$3,516,976",1.69%,"$14,067,905","$14,067,905",qb
34,35,Taylor Heinicke,QB,"LAC
LAC",29,2023,2024,2,"$14,000,000","$7,000,000",3.11%,"$6,320,000","$6,320,000",qb
35,36,Tyrod Taylor,QB,"NYJ
NYJ",34,2024,2025,2,"$12,000,000","$6,000,000",2.35%,"$8,500,000","$8,500,000",qb
36,T37,Jarrett Stidham,QB,"DEN
DEN",26,2023,2024,2,"$10,000,000","$5,000,000",2.22%,"$5,000,000","$5,000,000",qb
37,T37,Andy Dalton,QB,"CAR
CAR",35,2023,2024,2,"$10,000,000","$5,000,000",2.22%,"$8,000,000","$8,000,000",qb
38,T37,Sam Darnold,QB,"MIN
MIN",26,2024,2024,1,"$10,000,000","$10,000,000",3.92%,"$8,750,000","$8,750,000",qb
39,40,Will Levis,QB,"TEN
TEN",23,2023,2026,4,"$9,542,165","$2,385,541",1.06%,"$8,731,080","$8,731,080",qb
40,41,Jacoby Brissett,QB,"NE
NE",31,2024,2024,1,"$8,000,000","$8,000,000",3.13%,"$6,500,000","$6,500,000",qb
41,42,Case Keenum,QB,"HOU
HOU",35,2023,2024,2,"$6,250,000","$3,125,000",1.39%,"$4,000,000","$4,000,000",qb
42,43,Marcus Mariota,QB,"WAS
WAS",30,2024,2024,1,"$6,000,000","$6,000,000",2.35%,"$5,390,000","$5,390,000",qb
43,44,Hendon Hooker,QB,"DET
DET",25,2023,2026,4,"$5,719,021","$1,429,755",0.64%,"$1,159,288","$1,159,288",qb
44,45,Kyle Trask,QB,"TB
TB",22,2021,2024,4,"$5,535,337","$1,383,834",0.76%,"$1,385,700","$1,385,700",qb
45,46,Mitchell Trubisky,QB,"BUF
BUF",29,2024,2025,2,"$5,250,000","$2,625,000",1.03%,"$2,710,000","$3,710,000",qb
46,47,Malik Willis,QB,"GB
GB",22,2022,2025,4,"$5,160,100","$1,290,025",0.62%,"$932,800","$932,800",qb
47,T48,Cooper Rush,QB,"DAL
DAL",29,2023,2024,2,"$5,000,000","$2,500,000",1.11%,"$2,750,000","$2,750,000",qb
48,T48,Drew Lock,QB,"NYG
NYG",27,2024,2024,1,"$5,000,000","$5,000,000",1.96%,"$4,950,000","$4,950,000",qb
49,T48,Davis Mills,QB,"HOU
HOU",25,2024,2025,1,"$5,000,000","$5,000,000",1.96%,"$6,316,000","$6,316,000",qb
50,51,Jake Haener,QB,"NO
NO",24,2023,2026,4,"$4,544,816","$1,136,204",0.51%,"$704,816","$704,816",qb
51,52,Stetson Bennett,QB,"LAR
LAR",25,2023,2026,4,"$4,539,140","$1,134,785",0.50%,"$699,140","$699,140",qb
52,53,Joe Flacco,QB,"IND
IND",39,2024,2024,1,"$4,500,000","$4,500,000",1.76%,"$4,500,000","$4,500,000",qb
53,54,Spencer Rattler,QB,"NO
NO",23,2024,2027,4,"$4,356,480","$1,089,120",0.43%,"$336,480","$336,480",qb
54,55,Aidan O'Connell,QB,"LV
LV",24,2023,2026,4,"$4,349,380","$1,087,345",0.48%,"$509,380","$509,380",qb
55,56,Jordan Travis,QB,"NYJ
NYJ",23,2024,2027,4,"$4,274,276","$1,068,569",0.42%,"$254,276","$254,276",qb
56,57,Joe Milton III,QB,"NE
NE",24,2024,2027,4,"$4,203,316","$1,050,829",0.41%,"$183,316","$183,316",qb
57,58,Clayton Tune,QB,"ARI
ARI",24,2023,2026,4,"$4,190,624","$1,047,656",0.47%,"$350,624","$350,624",qb
58,59,Dorian Thompson-Robinson,QB,"CLE
CLE",23,2023,2026,4,"$4,182,272","$1,045,568",0.47%,"$342,272","$342,272",qb
59,60,Tanner McKee,QB,"PHI
PHI",23,2023,2026,4,"$4,026,520","$1,006,630",0.45%,"$186,520","$186,520",qb
60,61,Sam Howell,QB,"SEA
SEA",21,2022,2025,4,"$4,021,600","$1,005,400",0.48%,"$361,600","$361,600",qb
61,T62,Nick Mullens,QB,"MIN
MIN",27,2023,2024,2,"$4,000,000","$2,000,000",0.89%,"$1,922,500","$1,922,500",qb
62,T62,Jameis Winston,QB,"CLE
CLE",30,2024,2024,1,"$4,000,000","$4,000,000",1.57%,"$4,000,000","$4,000,000",qb
63,64,Brock Purdy,QB,"SF
SF",22,2022,2025,4,"$3,737,008","$934,252",0.45%,"$77,008","$77,008",qb
64,65,Sam Ehlinger,QB,"IND
IND",22,2021,2024,4,"$3,610,708","$902,677",0.49%,"$130,708","$130,708",qb
65,66,Carson Wentz,QB,"KC
KC",31,2024,2024,1,"$3,325,000","$3,325,000",1.30%,"$2,200,000","$2,200,000",qb
66,67,Jimmy Garoppolo,QB,"LAR
LAR",32,2024,2024,1,"$3,178,750","$3,178,750",1.24%,"$3,044,306","$3,044,306",qb
67,68,Mason Rudolph,QB,"TEN
TEN",28,2024,2024,1,"$2,870,000","$2,870,000",1.12%,"$2,700,000","$2,700,000",qb
68,69,Tyson Bagent,QB,"CHI
CHI",22,2023,2025,3,"$2,720,000","$906,667",0.40%,"$25,000","$25,000",qb
69,70,Easton Stick,QB,"LAC
LAC",28,2024,2024,1,"$2,667,500","$2,667,500",1.04%,"$1,417,500","$1,417,500",qb
70,71,Mike White,QB,"BUF
BUF",29,2024,2025,2,"$2,380,000","$1,190,000",0.47%,,,qb
71,72,Michael Pratt,QB,"TB
TB",23,2025,2026,2,"$2,285,000","$1,142,500",0.42%,"$250,000","$250,000",qb
72,73,Joshua Dobbs,QB,"SF
SF",29,2024,2024,1,"$2,250,000","$2,250,000",0.88%,"$2,250,000","$2,250,000",qb
73,74,Brandon Allen,QB,"SF
SF",31,2024,2024,1,"$2,020,000","$2,020,000",0.79%,"$700,000","$700,000",qb
74,T75,Jake Browning,QB,"CIN
CIN",27,2024,2025,2,"$1,945,000","$972,500",0.38%,,,qb
75,T75,Jaren Hall,QB,"SEA
SEA",26,2024,2025,2,"$1,945,000","$972,500",0.38%,,,qb
76,77,Jack Plummer,QB,"CAR
CAR",25,2024,2025,2,"$1,755,000","$877,500",0.34%,,,qb
77,78,Tommy DeVito,QB,"NYG
NYG",25,2023,2024,2,"$1,665,000","$832,500",0.37%,,,qb
78,79,Josh Johnson,QB,"BAL
BAL",37,2024,2024,1,"$1,377,500","$1,377,500",0.54%,"$1,152,500","$1,152,500",qb
79,80,Kyle Allen,QB,"PIT
PIT",28,2024,2024,1,"$1,292,500","$1,292,500",0.51%,"$167,500","$167,500",qb
80,T81,Russell Wilson,QB,"PIT
PIT",35,2024,2024,1,"$1,210,000","$1,210,000",0.47%,,,qb
81,T81,C.J. Beathard,QB,"JAX
JAX",30,2024,2024,1,"$1,210,000","$1,210,000",0.47%,,,qb
82,T81,Teddy Bridgewater,QB,"DET
DET",32,2024,2024,1,"$1,210,000","$1,210,000",0.47%,,,qb
83,84,Brett Rypien,QB,"MIN
MIN",28,2025,2025,1,"$1,195,000","$1,195,000",0.43%,,,qb
84,T85,Jeff Driskel,QB,"WAS
WAS",30,2024,2024,1,"$1,125,000","$1,125,000",0.44%,,,qb
85,T85,Tyler Huntley,QB,"MIA
MIA",26,2024,2024,1,"$1,125,000","$1,125,000",0.44%,,,qb
86,T85,Tim Boyle,QB,"NYG
NYG",30,2024,2024,1,"$1,125,000","$1,125,000",0.44%,,,qb
87,T85,Will Grier,QB,"DAL
DAL",29,2024,2024,1,"$1,125,000","$1,125,000",0.44%,,,qb
88,89,Skylar Thompson,QB,"PIT
PIT",27,2025,2025,1,"$1,100,000","$1,100,000",0.40%,,,qb
89,T90,Ben DiNucci,QB,"NO
NO",28,2025,2025,1,"$1,030,000","$1,030,000",0.37%,,,qb
90,T90,Jake Fromm,QB,"DET
DET",26,2025,2025,1,"$1,030,000","$1,030,000",0.37%,,,qb
91,T92,Feleipe Franks,QB,"CAR
CAR",26,2024,2024,1,"$985,000","$985,000",0.39%,,,qb
92,T92,Bailey Zappe,QB,"CLE
CLE",25,2024,2024,1,"$985,000","$985,000",0.39%,,,qb
93,T92,Desmond Ridder,QB,"LV
LV",25,2024,2024,1,"$985,000","$985,000",0.39%,,,qb
94,T95,Sean Clifford,QB,"GB
GB",26,2025,2025,1,"$960,000","$960,000",0.35%,,,qb
95,T95,Malik Cunningham,QB,"BAL
BAL",26,2025,2025,1,"$960,000","$960,000",0.35%,,,qb
96,T95,Sam Hartman,QB,"WAS
WAS",25,2025,2025,1,"$960,000","$960,000",0.35%,,,qb
97,T98,Emory Jones,QB,"ATL
ATL",24,2025,2025,1,"$840,000","$840,000",0.31%,,,qb
98,T98,Austin Reed,QB,"CHI
CHI",24,2025,2025,1,"$840,000","$840,000",0.31%,,,qb
99,T98,Jason Bean,QB,"IND
IND",25,2025,2025,1,"$840,000","$840,000",0.31%,,,qb
100,1,Josh Jacobs,RB,"GB
GB",26,2024,2027,4,"$48,000,000","$12,000,000",4.70%,"$12,500,000","$12,500,000",rb
101,2,Jonathan Taylor,RB,"IND
IND",24,2023,2026,3,"$42,000,000","$14,000,000",6.23%,"$19,347,555","$26,500,000",rb
102,3,Christian McCaffrey,RB,"SF
SF",27,2024,2027,2,"$38,000,000","$19,000,000",7.44%,"$24,000,000","$24,000,000",rb
103,4,Saquon Barkley,RB,"PHI
PHI",27,2024,2026,3,"$37,750,000","$12,583,333",4.93%,"$26,000,000","$26,000,000",rb
104,5,Rhamondre Stevenson,RB,"NE
NE",26,2024,2028,4,"$36,000,000","$9,000,000",3.52%,"$17,116,000","$17,116,000",rb
105,6,Chuba Hubbard,RB,"CAR
CAR",25,2024,2028,4,"$33,200,000","$8,300,000",3.25%,"$11,958,000","$16,458,000",rb
106,7,Joe Mixon,RB,"HOU
HOU",27,2024,2026,3,"$25,500,000","$8,500,000",3.33%,"$16,000,000","$16,000,000",rb
107,8,Miles Sanders,RB,"CAR
CAR",25,2023,2026,4,"$25,400,000","$6,350,000",2.82%,"$11,000,000","$13,000,000",rb
108,9,Alvin Kamara,RB,"NO
NO",29,2024,2026,2,"$24,500,000","$12,250,000",4.80%,"$19,233,333","$19,233,333",rb
109,10,D'Andre Swift,RB,"CHI
CHI",25,2024,2026,3,"$24,000,000","$8,000,000",3.13%,"$14,000,000","$15,300,000",rb
110,11,Bijan Robinson,RB,"ATL
ATL",21,2023,2027,4,"$21,958,535","$5,489,634",2.44%,"$21,958,535","$21,958,535",rb
111,12,Tony Pollard,RB,"TEN
TEN",26,2024,2026,3,"$21,750,000","$7,250,000",2.84%,"$10,490,000","$10,490,000",rb
112,13,James Conner,RB,"ARI
ARI",29,2024,2026,2,"$19,000,000","$9,500,000",3.72%,"$8,250,000","$8,250,000",rb
113,14,David Montgomery,RB,"DET
DET",27,2024,2027,2,"$18,250,000","$9,125,000",3.57%,"$9,000,000","$10,490,000",rb
114,15,Jahmyr Gibbs,RB,"DET
DET",21,2023,2027,4,"$17,845,130","$4,461,283",1.98%,"$17,845,130","$17,845,130",rb
115,16,Devin Singletary,RB,"NYG
NYG",26,2024,2026,3,"$16,500,000","$5,500,000",2.15%,"$9,500,000","$9,500,000",rb
116,17,Derrick Henry,RB,"BAL
BAL",30,2024,2025,2,"$16,000,000","$8,000,000",3.13%,"$9,000,000","$9,000,000",rb
117,18,Najee Harris,RB,"PIT
PIT",22,2021,2024,4,"$13,047,447","$3,261,862",1.79%,"$13,047,447","$13,047,447",rb
118,19,Travis Etienne,RB,"JAX
JAX",21,2021,2025,4,"$12,898,105","$3,224,526",1.77%,"$12,898,105","$12,898,105",rb
119,20,Jamaal Williams,RB,"NO
NO",27,2023,2025,3,"$12,000,000","$4,000,000",1.78%,"$8,150,000","$8,150,000",rb
120,21,Antonio Gibson,RB,"NE
NE",25,2024,2026,3,"$11,250,000","$3,750,000",1.47%,"$5,300,000","$5,300,000",rb
121,22,Breece Hall,RB,"NYJ
NYJ",20,2022,2025,4,"$9,014,774","$2,253,694",1.08%,"$6,375,487","$6,375,487",rb
122,23,Javonte Williams,RB,"DEN
DEN",20,2021,2024,4,"$8,865,753","$2,216,438",1.21%,"$4,870,809","$4,870,809",rb
123,24,Kenneth Walker,RB,"SEA
SEA",21,2022,2025,4,"$8,441,581","$2,110,395",1.01%,"$5,439,040","$5,439,040",rb
124,25,Austin Ekeler,RB,"WAS
WAS",28,2024,2025,2,"$8,430,000","$4,215,000",1.65%,"$4,210,000","$4,210,000",rb
125,26,Jonathon Brooks,RB,"CAR
CAR",20,2024,2027,4,"$8,417,082","$2,104,271",0.82%,"$4,914,107","$4,914,107",rb
126,27,DeeJay Dallas,RB,"ARI
ARI",25,2024,2026,3,"$8,250,000","$2,750,000",1.08%,"$2,395,000","$2,395,000",rb
127,28,Zack Moss,RB,"CIN
CIN",26,2024,2025,2,"$8,000,000","$4,000,000",1.57%,"$3,000,000","$3,000,000",rb
128,29,Aaron Jones,RB,"MIN
MIN",29,2024,2024,1,"$7,000,000","$7,000,000",2.74%,"$7,000,000","$7,000,000",rb
129,30,Zach Charbonnet,RB,"SEA
SEA",22,2023,2026,4,"$6,876,079","$1,719,020",0.76%,"$3,813,333","$3,813,333",rb
130,31,Gus Edwards,RB,"LAC
LAC",28,2024,2025,2,"$6,500,000","$3,250,000",1.27%,"$3,375,000","$3,375,000",rb
131,32,Trey Benson,RB,"ARI
ARI",21,2024,2027,4,"$6,059,606","$1,514,902",0.59%,"$1,226,984","$1,226,984",rb
132,T33,Jeff Wilson,RB,"MIA
MIA",27,2023,2024,2,"$6,000,000","$3,000,000",1.33%,"$2,645,000","$2,645,000",rb
133,T33,Cordarrelle Patterson,RB,"PIT
PIT",33,2024,2025,2,"$6,000,000","$3,000,000",1.17%,"$1,900,000","$1,900,000",rb
134,T33,Justice Hill,RB,"BAL
BAL",26,2024,2026,2,"$6,000,000","$3,000,000",1.17%,"$4,218,954","$4,218,954",rb
135,36,Marshawn Lloyd,RB,"GB
GB",23,2024,2027,4,"$5,840,698","$1,460,175",0.57%,"$959,284","$959,284",rb
136,37,James Cook,RB,"BUF
BUF",22,2022,2025,4,"$5,832,057","$1,458,014",0.70%,"$2,391,590","$2,391,590",rb
137,38,Blake Corum,RB,"LAR
LAR",23,2024,2027,4,"$5,763,762","$1,440,941",0.56%,"$1,011,828","$1,011,828",rb
138,39,Kendre Miller,RB,"NO
NO",20,2023,2026,4,"$5,654,319","$1,413,580",0.63%,"$1,112,232","$1,112,232",rb
139,40,Tyjae Spears,RB,"TEN
TEN",21,2023,2026,4,"$5,490,616","$1,372,654",0.61%,"$993,176","$993,176",rb
140,41,Devon Achane,RB,"MIA
MIA",21,2023,2026,4,"$5,437,449","$1,359,362",0.60%,"$954,508","$954,508",rb
141,42,Tank Bigsby,RB,"JAX
JAX",21,2023,2026,4,"$5,392,915","$1,348,229",0.60%,"$922,120","$922,120",rb
142,43,Rachaad White,RB,"TB
TB",22,2022,2025,4,"$5,129,999","$1,282,500",0.62%,"$910,908","$910,908",rb
143,44,Brian Robinson,RB,"WAS
WAS",22,2022,2025,4,"$5,044,908","$1,261,227",0.61%,"$849,024","$849,024",rb
144,45,Jaylen Wright,RB,"MIA
MIA",21,2024,2027,4,"$4,780,020","$1,195,005",0.47%,"$760,020","$760,020",rb
145,46,Bucky Irving,RB,"TB
TB",21,2024,2027,4,"$4,751,552","$1,187,888",0.47%,"$731,552","$731,552",rb
146,47,Will Shipley,RB,"PHI
PHI",21,2024,2027,4,"$4,736,964","$1,184,241",0.46%,"$716,964","$716,964",rb
147,48,Ray Davis,RB,"BUF
BUF",24,2024,2027,4,"$4,733,188","$1,183,297",0.46%,"$713,188","$713,188",rb
148,49,Isaac Guerendo,RB,"SF
SF",23,2024,2027,4,"$4,724,528","$1,181,132",0.46%,"$704,528","$704,528",rb
149,50,Sione Vaki,RB,"DET
DET",22,2024,2027,4,"$4,673,544","$1,168,386",0.46%,"$528,708","$528,708",rb
150,51,Roschon Johnson,RB,"CHI
CHI",22,2023,2026,4,"$4,608,688","$1,152,172",0.51%,"$768,688","$768,688",rb
151,52,Braelon Allen,RB,"NYJ
NYJ",20,2024,2027,4,"$4,548,708","$1,137,177",0.45%,"$528,708","$528,708",rb
152,53,Dameon Pierce,RB,"HOU
HOU",21,2022,2025,4,"$4,475,432","$1,118,858",0.54%,"$815,432","$815,432",rb
153,54,Zamir White,RB,"LV
LV",22,2022,2025,4,"$4,403,932","$1,100,983",0.53%,"$743,932","$743,932",rb
154,55,Pierre Strong,RB,"CLE
CLE",23,2022,2025,4,"$4,373,432","$1,093,358",0.53%,"$713,432","$713,432",rb
155,56,Audric Estim√©,RB,"DEN
DEN",20,2024,2027,4,"$4,359,124","$1,089,781",0.43%,"$339,124","$339,124",rb
156,57,Hassan Haskins,RB,"LAC
LAC",22,2022,2025,4,"$4,352,220","$1,088,055",0.52%,"$692,220","$692,220",rb
157,58,Rasheen Ali,RB,"BAL
BAL",23,2024,2027,4,"$4,309,868","$1,077,467",0.42%,"$289,868","$289,868",rb
158,59,Tyrone Tracy,RB,"NYG
NYG",24,2024,2027,4,"$4,306,352","$1,076,588",0.42%,"$286,352","$286,352",rb
159,60,Keilan Robinson,RB,"JAX
JAX",24,2024,2027,4,"$4,301,956","$1,075,489",0.42%,"$281,956","$281,956",rb
160,61,Isaiah Davis,RB,"NYJ
NYJ",22,2024,2027,4,"$4,274,276","$1,068,569",0.42%,"$254,276","$254,276",rb
161,62,Kimani Vidal,RB,"LAC
LAC",22,2024,2027,4,"$4,227,436","$1,056,859",0.41%,"$207,436","$207,436",rb
162,63,Jase McClellan,RB,"ATL
ATL",21,2024,2027,4,"$4,214,368","$1,053,592",0.41%,"$194,368","$194,368",rb
163,64,Israel Abanikanda,RB,"SF
SF",20,2023,2026,4,"$4,179,776","$1,044,944",0.46%,"$339,776","$339,776",rb
164,65,Dylan Laube,RB,"LV
LV",24,2024,2027,4,"$4,175,192","$1,043,798",0.41%,"$155,192","$155,192",rb
165,66,Raheem Mostert,RB,"MIA
MIA",31,2024,2025,1,"$4,130,000","$4,130,000",1.62%,"$3,710,000","$3,710,000",rb
166,67,Chase Brown,RB,"CIN
CIN",22,2023,2026,4,"$4,126,156","$1,031,539",0.46%,"$286,156","$286,156",rb
167,68,Eric Gray,RB,"NYG
NYG",23,2023,2026,4,"$4,084,976","$1,021,244",0.45%,"$244,976","$244,976",rb
168,69,Travis Homer,RB,"CHI
CHI",24,2023,2024,2,"$4,000,000","$2,000,000",0.89%,"$1,750,000","$1,750,000",rb
169,70,Tyler Allgeier,RB,"ATL
ATL",21,2022,2025,4,"$3,993,896","$998,474",0.48%,"$333,896","$333,896",rb
170,71,Jerome Ford,RB,"CLE
CLE",22,2022,2025,4,"$3,982,148","$995,537",0.48%,"$322,148","$322,148",rb
171,72,Deuce Vaughn,RB,"DAL
DAL",21,2023,2026,4,"$3,973,336","$993,334",0.44%,"$133,336","$133,336",rb
172,73,Kyren Williams,RB,"LAR
LAR",21,2022,2025,4,"$3,970,404","$992,601",0.48%,"$310,404","$310,404",rb
173,74,Ty Chandler,RB,"MIN
MIN",23,2022,2025,4,"$3,958,840","$989,710",0.48%,"$298,840","$298,840",rb
174,75,Kenny McIntosh,RB,"SEA
SEA",23,2023,2026,4,"$3,930,852","$982,713",0.44%,"$90,852","$90,852",rb
175,76,Kenneth Gainwell,RB,"PHI
PHI",21,2021,2024,4,"$3,815,528","$953,882",0.52%,"$335,528","$335,528",rb
176,77,Isiah Pacheco,RB,"KC
KC",22,2022,2025,4,"$3,739,108","$934,777",0.45%,"$79,108","$79,108",rb
177,78,Avery Williams,RB,"ATL
ATL",26,2021,2024,4,"$3,720,152","$930,038",0.51%,"$240,152","$240,152",rb
178,79,Elijah Mitchell,RB,"SF
SF",22,2021,2024,4,"$3,663,568","$915,892",0.50%,"$183,568","$183,568",rb
179,80,Chris Evans,RB,"CIN
CIN",23,2021,2024,4,"$3,652,888","$913,222",0.50%,"$172,888","$172,888",rb
180,81,Khalil Herbert,RB,"CIN
CIN",22,2021,2024,4,"$3,610,708","$902,677",0.49%,"$130,708","$130,708",rb
181,82,JaMycal Hasty,RB,"NE
NE",26,2023,2024,2,"$2,900,000","$1,450,000",0.65%,"$300,000","$300,000",rb
182,83,British Brooks,RB,"HOU
HOU",24,2024,2026,3,"$2,845,000","$948,333",0.37%,"$240,000","$240,000",rb
183,84,Cody Schrader,RB,"LAR
LAR",24,2024,2026,3,"$2,842,000","$947,333",0.37%,"$232,000","$232,000",rb
184,85,Ian Wheeler,RB,"CHI
CHI",22,2024,2026,3,"$2,837,500","$945,833",0.37%,"$7,500","$7,500",rb
185,86,Carson Steele,RB,"KC
KC",21,2024,2026,3,"$2,830,000","$943,333",0.37%,,,rb
186,87,A.J. Dillon,RB,"GB
GB",25,2024,2024,1,"$2,742,500","$2,742,500",1.07%,"$2,742,500","$2,742,500",rb
187,88,Keaton Mitchell,RB,"BAL
BAL",21,2023,2025,3,"$2,713,000","$904,333",0.40%,"$73,000","$73,000",rb
188,T89,Emari Demercado,RB,"ARI
ARI",24,2023,2025,3,"$2,710,000","$903,333",0.40%,"$70,000","$70,000",rb
189,T89,Jaleel McLaughlin,RB,"DEN
DEN",22,2023,2025,3,"$2,710,000","$903,333",0.40%,"$55,000","$55,000",rb
190,91,Sean Tucker,RB,"TB
TB",21,2023,2025,3,"$2,695,000","$898,333",0.40%,,,rb
191,92,Jaylen Warren,RB,"PIT
PIT",23,2022,2024,3,"$2,572,000","$857,333",0.41%,"$12,000","$12,000",rb
192,93,Jordan Mason,RB,"SF
SF",22,2022,2024,3,"$2,570,000","$856,667",0.41%,"$40,000","$40,000",rb
193,94,Michael Carter,RB,"ARI
ARI",25,2024,2025,2,"$2,375,000","$1,187,500",0.46%,,,rb
194,95,Nick Chubb,RB,"CLE
CLE",28,2024,2024,1,"$2,275,000","$2,275,000",0.89%,"$925,000","$2,050,000",rb
195,96,Alexander Mattison,RB,"LV
LV",25,2024,2024,1,"$2,000,000","$2,000,000",0.78%,"$1,650,000","$1,650,000",rb
196,97,Nyheim Miller-Hines,RB,"CLE
CLE",27,2024,2024,1,"$1,995,000","$1,995,000",0.78%,"$1,350,000","$1,350,000",rb
197,98,Frank Gore Jr.,RB,"BUF
BUF",22,2025,2026,2,"$1,853,000","$926,500",0.34%,"$8,000","$8,000",rb
198,99,Ameer Abdullah,RB,"LV
LV",30,2024,2024,1,"$1,850,000","$1,850,000",0.72%,"$850,000","$850,000",rb
199,100,Carlos Washington Jr.,RB,"ATL
ATL",25,2024,2025,2,"$1,755,000","$877,500",0.34%,,,rb
200,T1,Justin Jefferson,WR,"MIN
MIN",25,2024,2028,4,"$140,000,000","$35,000,000",13.70%,"$88,743,000","$110,000,000",wr
201,T1,Davante Adams,WR,"NYJ
NYJ",29,2022,2026,5,"$140,000,000","$28,000,000",13.45%,"$22,750,000","$65,670,000",wr
202,3,CeeDee Lamb,WR,"DAL
DAL",25,2024,2029,4,"$136,000,000","$34,000,000",13.31%,"$67,000,000","$100,000,000",wr
203,4,Amon-Ra St. Brown,WR,"DET
DET",24,2024,2028,4,"$120,010,000","$30,002,500",11.75%,"$34,666,000","$77,000,000",wr
204,5,Brandon Aiyuk,WR,"SF
SF",26,2024,2028,4,"$120,000,000","$30,000,000",11.75%,"$45,000,000","$76,000,000",wr
205,6,D.J. Moore,WR,"CHI
CHI",27,2024,2029,4,"$110,000,000","$27,500,000",10.77%,"$43,650,000","$81,525,000",wr
206,7,Amari Cooper,WR,"BUF
BUF",25,2020,2024,5,"$100,000,000","$20,000,000",10.09%,"$40,000,000","$60,000,000",wr
207,8,A.J. Brown,WR,"PHI
PHI",26,2024,2029,3,"$96,000,000","$32,000,000",12.53%,"$51,000,000","$84,000,000",wr
208,9,Calvin Ridley,WR,"TEN
TEN",29,2024,2027,4,"$92,000,000","$23,000,000",9.01%,"$46,980,000","$50,000,000",wr
209,10,Tyreek Hill,WR,"MIA
MIA",30,2024,2026,3,"$90,000,000","$30,000,000",11.75%,"$54,000,000","$59,000,000",wr
210,11,Jaylen Waddle,WR,"MIA
MIA",25,2024,2028,3,"$84,750,000","$28,250,000",11.06%,"$35,978,000","$76,000,000",wr
211,T12,Keenan Allen,WR,"CHI
CHI",27,2020,2024,4,"$80,100,000","$20,025,000",10.10%,"$26,500,000","$43,000,000",wr
212,T12,Cooper Kupp,WR,"LAR
LAR",28,2022,2026,3,"$80,100,000","$26,700,000",12.82%,"$35,000,000","$75,000,000",wr
213,14,DeVonta Smith,WR,"PHI
PHI",25,2024,2028,3,"$75,000,000","$25,000,000",9.79%,"$33,997,554","$51,000,000",wr
214,15,Nico Collins,WR,"HOU
HOU",25,2024,2027,3,"$72,750,000","$24,250,000",9.49%,"$32,116,000","$52,116,000",wr
215,T16,Christian Kirk,WR,"JAX
JAX",25,2022,2025,4,"$72,000,000","$18,000,000",8.65%,"$37,000,000","$37,000,000",wr
216,T16,D.K. Metcalf,WR,"SEA
SEA",24,2022,2025,3,"$72,000,000","$24,000,000",11.53%,"$31,000,000","$58,200,000",wr
217,18,Deebo Samuel,WR,"SF
SF",25,2022,2025,3,"$71,550,000","$23,850,000",11.46%,"$41,000,000","$58,100,000",wr
218,19,Michael Pittman Jr.,WR,"IND
IND",26,2024,2026,3,"$70,000,000","$23,333,333",9.14%,"$41,000,000","$46,000,000",wr
219,20,Terry McLaurin,WR,"WAS
WAS",26,2022,2025,3,"$68,364,000","$22,788,000",10.95%,"$34,654,000","$53,154,000",wr
220,21,Courtland Sutton,WR,"DEN
DEN",25,2021,2025,4,"$60,800,000","$15,200,000",8.33%,"$18,000,000","$34,900,000",wr
221,22,Chris Godwin,WR,"TB
TB",25,2022,2024,3,"$60,000,000","$20,000,000",9.61%,"$40,000,000","$40,000,000",wr
222,23,Jerry Jeudy,WR,"CLE
CLE",24,2024,2027,3,"$52,500,000","$17,500,000",6.85%,"$41,000,000","$41,000,000",wr
223,24,Allen Lazard,WR,"NYJ
NYJ",27,2023,2026,4,"$44,000,000","$11,000,000",4.89%,"$22,000,000","$22,000,000",wr
224,25,Mike Evans,WR,"TB
TB",30,2024,2025,2,"$41,000,000","$20,500,000",8.03%,"$29,000,000","$35,000,000",wr
225,26,Brandin Cooks,WR,"DAL
DAL",28,2022,2024,2,"$39,764,000","$19,882,000",9.55%,"$36,000,000","$36,000,000",wr
226,T27,Darnell Mooney,WR,"ATL
ATL",26,2024,2026,3,"$39,000,000","$13,000,000",5.09%,"$26,000,000","$26,000,000",wr
227,T27,Gabriel Davis,WR,"JAX
JAX",24,2024,2026,3,"$39,000,000","$13,000,000",5.09%,"$24,000,000","$24,000,000",wr
228,29,Marvin Harrison Jr.,WR,"ARI
ARI",21,2024,2028,4,"$35,374,742","$8,843,686",3.46%,"$35,374,742","$35,374,742",wr
229,30,Jakobi Meyers,WR,"LV
LV",26,2023,2025,3,"$33,000,000","$11,000,000",4.89%,"$10,500,000","$21,000,000",wr
230,31,Ja'Marr Chase,WR,"CIN
CIN",20,2021,2025,4,"$30,819,641","$7,704,910",4.22%,"$30,819,641","$30,819,641",wr
231,32,Tyler Lockett,WR,"SEA
SEA",31,2024,2025,2,"$29,660,000","$14,830,000",5.81%,"$12,660,000","$12,660,000",wr
232,33,Malik Nabers,WR,"NYG
NYG",20,2024,2028,4,"$29,207,750","$7,301,938",2.86%,"$29,207,750","$29,207,750",wr
233,34,DeAndre Hopkins,WR,"KC
KC",31,2023,2024,2,"$26,000,000","$13,000,000",5.78%,"$10,980,000","$10,980,000",wr
234,35,Adam Thielen,WR,"CAR
CAR",32,2023,2025,3,"$25,000,000","$8,333,333",3.71%,"$14,000,000","$14,000,000",wr
235,36,Curtis Samuel,WR,"BUF
BUF",27,2024,2026,3,"$24,000,000","$8,000,000",3.13%,"$14,020,000","$15,020,000",wr
236,37,Rome Odunze,WR,"CHI
CHI",21,2024,2028,4,"$22,724,500","$5,681,125",2.22%,"$22,724,500","$22,724,500",wr
237,38,Stefon Diggs,WR,"HOU
HOU",30,2024,2024,1,"$22,520,000","$22,520,000",8.82%,"$22,015,000","$22,015,000",wr
238,39,Tee Higgins,WR,"CIN
CIN",25,2024,2024,1,"$21,816,000","$21,816,000",8.54%,"$21,816,000","$21,816,000",wr
239,40,Drake London,WR,"ATL
ATL",20,2022,2026,4,"$21,534,468","$5,383,617",2.59%,"$21,534,469","$21,534,469",wr
240,41,Garrett Wilson,WR,"NYJ
NYJ",21,2022,2026,4,"$20,554,006","$5,138,502",2.47%,"$20,554,006","$20,554,006",wr
241,42,Kendrick Bourne,WR,"NE
NE",28,2024,2026,3,"$19,500,000","$6,500,000",2.55%,"$5,500,000","$5,500,000",wr
242,43,Chris Olave,WR,"NO
NO",21,2022,2026,4,"$19,271,874","$4,817,969",2.31%,"$19,271,874","$19,271,874",wr
243,44,Jameson Williams,WR,"DET
DET",20,2022,2026,4,"$17,461,790","$4,365,448",2.10%,"$17,461,790","$17,461,790",wr
244,45,Robert Woods,WR,"HOU
HOU",30,2023,2024,2,"$15,250,000","$7,625,000",3.39%,"$10,000,000","$10,000,000",wr
245,46,Jahan Dotson,WR,"PHI
PHI",21,2022,2026,4,"$15,048,358","$3,762,090",1.81%,"$15,048,358","$15,048,358",wr
246,47,Brian Thomas Jr.,WR,"JAX
JAX",21,2024,2028,4,"$14,659,978","$3,664,995",1.44%,"$14,659,978","$14,659,978",wr
247,48,Jaxon Smith-Njigba,WR,"SEA
SEA",21,2023,2027,4,"$14,417,307","$3,604,327",1.60%,"$14,417,307","$14,417,307",wr
248,49,Treylon Burks,WR,"TEN
TEN",21,2022,2026,4,"$14,369,592","$3,592,398",1.73%,"$14,369,592","$14,369,592",wr
249,50,Quentin Johnston,WR,"LAC
LAC",21,2023,2027,4,"$14,188,778","$3,547,195",1.58%,"$14,188,778","$14,188,778",wr
250,51,Zay Flowers,WR,"BAL
BAL",22,2023,2027,4,"$14,036,434","$3,509,109",1.56%,"$14,036,434","$14,036,434",wr
251,52,Xavier Worthy,WR,"KC
KC",20,2024,2028,4,"$13,790,264","$3,447,566",1.35%,"$13,790,264","$13,790,264",wr
252,53,Jordan Addison,WR,"MIN
MIN",21,2023,2026,4,"$13,731,739","$3,432,935",1.53%,"$13,731,739","$13,731,739",wr
253,54,Rashod Bateman,WR,"BAL
BAL",24,2024,2026,2,"$12,871,898","$6,435,949",2.52%,"$4,500,000","$4,500,000",wr
254,55,Ricky Pearsall,WR,"SF
SF",23,2024,2028,4,"$12,538,398","$3,134,600",1.23%,"$12,538,398","$12,538,398",wr
255,56,Xavier Legette,WR,"CAR
CAR",23,2024,2028,4,"$12,357,176","$3,089,294",1.21%,"$12,357,176","$12,357,176",wr
256,57,Darius Slayton,WR,"NYG
NYG",26,2023,2024,2,"$12,000,000","$6,000,000",2.67%,"$4,900,000","$4,900,000",wr
257,58,Jauan Jennings,WR,"SF
SF",26,2024,2025,2,"$11,890,000","$5,945,000",2.33%,"$8,435,000","$8,435,000",wr
258,59,Kalif Raymond,WR,"DET
DET",29,2023,2025,2,"$10,500,000","$5,250,000",2.34%,"$8,150,000","$8,150,000",wr
259,60,Keon Coleman,WR,"BUF
BUF",20,2024,2027,4,"$10,074,258","$2,518,565",0.99%,"$9,640,495","$9,640,495",wr
260,61,Mike Williams,WR,"PIT
PIT",29,2024,2024,1,"$10,000,000","$10,000,000",3.92%,"$8,300,000","$8,300,000",wr
261,62,Ladd McConkey,WR,"LAC
LAC",22,2024,2027,4,"$9,995,186","$2,498,797",0.98%,,,wr
262,63,Ja'Lynn Polk,WR,"NE
NE",22,2024,2027,4,"$9,694,744","$2,423,686",0.95%,"$8,214,275","$8,214,275",wr
263,64,Christian Watson,WR,"GB
GB",22,2022,2025,4,"$9,241,033","$2,310,258",1.11%,"$6,720,893","$6,720,893",wr
264,65,Josh Reynolds,WR,"JAX
JAX",29,2024,2025,2,"$9,000,000","$4,500,000",1.76%,"$4,245,000","$4,245,000",wr
265,66,Elijah Moore,WR,"CLE
CLE",20,2021,2024,4,"$8,940,426","$2,235,107",1.22%,"$5,928,511","$5,928,511",wr
266,67,Jonathan Mingo,WR,"DAL
DAL",22,2023,2026,4,"$8,856,595","$2,214,149",0.98%,"$7,711,597","$7,711,597",wr
267,68,Devin Duvernay,WR,"JAX
JAX",26,2024,2025,2,"$8,500,000","$4,250,000",1.66%,"$5,700,000","$5,700,000",wr
268,69,Wan'dale Robinson,WR,"NYG
NYG",20,2022,2025,4,"$8,185,166","$2,046,292",0.98%,"$5,086,465","$5,086,465",wr
269,70,John Metchie,WR,"HOU
HOU",21,2022,2025,4,"$8,070,172","$2,017,543",0.97%,"$4,921,042","$4,921,042",wr
270,71,Adonai Mitchell,WR,"IND
IND",21,2024,2027,4,"$7,386,086","$1,846,522",0.72%,"$4,817,431","$4,817,431",wr
271,72,Ashton Dulin,WR,"IND
IND",25,2023,2024,2,"$7,200,000","$3,600,000",1.60%,"$3,500,000","$3,500,000",wr
272,73,Jayden Reed,WR,"GB
GB",23,2023,2026,4,"$7,180,778","$1,795,195",0.80%,"$4,048,783","$4,048,783",wr
273,74,Marquise Brown,WR,"KC
KC",26,2024,2024,1,"$7,000,000","$7,000,000",2.74%,"$6,500,000","$6,500,000",wr
274,75,Rondale Moore,WR,"ATL
ATL",20,2021,2024,4,"$6,924,241","$1,731,060",0.95%,"$3,370,550","$3,370,550",wr
275,76,George Pickens,WR,"PIT
PIT",20,2022,2025,4,"$6,752,179","$1,688,045",0.81%,"$3,102,593","$3,102,593",wr
276,77,Alec Pierce,WR,"IND
IND",21,2022,2025,4,"$6,601,342","$1,650,336",0.79%,"$2,986,037","$2,986,037",wr
277,78,Rashee Rice,WR,"KC
KC",23,2023,2026,4,"$6,495,208","$1,623,802",0.72%,"$3,519,025","$3,519,025",wr
278,79,Skyy Moore,WR,"KC
KC",21,2022,2025,4,"$6,450,498","$1,612,625",0.77%,"$2,869,476","$2,869,476",wr
279,80,Malachi Corley,WR,"NYJ
NYJ",22,2024,2027,4,"$6,073,456","$1,518,364",0.59%,"$1,237,060","$1,237,060",wr
280,81,Marvin Mims,WR,"DEN
DEN",21,2023,2026,4,"$6,068,635","$1,517,159",0.67%,"$3,189,399","$3,189,399",wr
281,82,TuTu Atwell,WR,"LAR
LAR",21,2021,2024,4,"$5,908,699","$1,477,175",0.81%,"$2,585,813","$2,585,813",wr
282,83,Jermaine Burton,WR,"CIN
CIN",22,2024,2027,4,"$5,820,896","$1,455,224",0.57%,"$1,053,380","$1,053,380",wr
283,84,Cedrick Wilson,WR,"NO
NO",28,2024,2025,2,"$5,750,000","$2,875,000",1.13%,"$2,850,000","$2,850,000",wr
284,85,Roman Wilson,WR,"PIT
PIT",22,2024,2027,4,"$5,745,168","$1,436,292",0.56%,"$998,304","$998,304",wr
285,86,Tank Dell,WR,"HOU
HOU",23,2023,2026,4,"$5,689,104","$1,422,276",0.63%,"$1,137,528","$1,137,528",wr
286,87,Jalen McMillan,WR,"TB
TB",22,2024,2027,4,"$5,663,024","$1,415,756",0.55%,"$938,564","$938,564",wr
287,88,Jalin Hyatt,WR,"NYG
NYG",21,2023,2026,4,"$5,625,313","$1,406,328",0.63%,"$2,096,832","$2,096,832",wr
288,89,Cedric Tillman,WR,"CLE
CLE",23,2023,2026,4,"$5,614,512","$1,403,628",0.62%,"$1,080,336","$1,080,336",wr
289,90,Luke McCaffrey,WR,"WAS
WAS",23,2024,2027,4,"$5,596,312","$1,399,078",0.55%,"$890,044","$890,044",wr
290,91,Josh Downs,WR,"IND
IND",21,2023,2026,4,"$5,520,459","$1,380,115",0.61%,"$1,014,880","$1,014,880",wr
291,92,Michael Wilson,WR,"ARI
ARI",23,2023,2026,4,"$5,339,461","$1,334,865",0.59%,"$883,244","$883,244",wr
292,93,Tre Tucker,WR,"LV
LV",22,2023,2026,4,"$5,304,084","$1,326,021",0.59%,"$857,516","$857,516",wr
293,94,Rashid Shaheed,WR,"NO
NO",25,2024,2025,1,"$5,200,000","$5,200,000",2.04%,"$1,000,000","$1,000,000",wr
294,95,Jalen Tolbert,WR,"DAL
DAL",22,2022,2025,4,"$5,135,719","$1,283,930",0.62%,"$915,068","$915,068",wr
295,96,Josh Palmer,WR,"LAC
LAC",21,2021,2024,4,"$5,032,438","$1,258,110",0.69%,"$1,019,676","$1,019,676",wr
296,97,Ray-Ray McCloud,WR,"ATL
ATL",27,2024,2025,2,"$5,000,000","$2,500,000",0.98%,"$2,125,000","$2,125,000",wr
297,98,Dyami Brown,WR,"WAS
WAS",21,2021,2024,4,"$4,944,000","$1,236,000",0.68%,"$955,636","$955,636",wr
298,99,Troy Franklin,WR,"DEN
DEN",21,2024,2027,4,"$4,874,836","$1,218,709",0.48%,"$854,836","$854,836",wr
299,100,Javon Baker,WR,"NE
NE",22,2024,2027,4,"$4,836,596","$1,209,149",0.47%,"$816,956","$816,956",wr
300,1,George Kittle,TE,"SF
SF",26,2020,2025,5,"$75,000,000","$15,000,000",7.57%,"$30,000,000","$40,000,000",te
301,2,T.J. Hockenson,TE,"MIN
MIN",26,2023,2027,4,"$66,000,000","$16,500,000",7.34%,"$29,292,000","$40,192,000",te
302,3,Dallas Goedert,TE,"PHI
PHI",25,2021,2025,4,"$57,000,000","$14,250,000",7.81%,"$14,921,888","$35,171,888",te
303,4,Mark Andrews,TE,"BAL
BAL",24,2021,2025,4,"$56,000,000","$14,000,000",7.67%,"$30,083,055","$37,583,055",te
304,5,David Njoku,TE,"CLE
CLE",25,2022,2025,4,"$54,750,000","$13,687,500",6.57%,"$17,000,000","$28,000,000",te
305,6,Cole Kmet,TE,"CHI
CHI",24,2023,2027,4,"$50,000,000","$12,500,000",5.56%,"$22,893,000","$32,793,000",te
306,7,Pat Freiermuth,TE,"PIT
PIT",25,2024,2028,4,"$48,400,000","$12,100,000",4.74%,"$11,600,000","$11,600,000",te
307,8,Evan Engram,TE,"JAX
JAX",28,2023,2025,3,"$41,250,000","$13,750,000",6.12%,"$24,000,000","$24,000,000",te
308,9,Taysom Hill,TE,"NO
NO",30,2021,2025,4,"$40,000,000","$10,000,000",5.48%,"$10,100,000","$21,500,000",te
309,10,Dalton Schultz,TE,"HOU
HOU",27,2024,2026,3,"$36,000,000","$12,000,000",4.70%,"$23,500,000","$23,500,000",te
310,11,Travis Kelce,TE,"KC
KC",34,2024,2025,2,"$34,250,000","$17,125,000",6.71%,"$17,000,000","$17,000,000",te
311,12,Kyle Pitts,TE,"ATL
ATL",20,2021,2025,4,"$32,910,495","$8,227,624",4.51%,"$32,910,495","$32,910,495",te
312,13,Dawson Knox,TE,"BUF
BUF",27,2024,2026,3,"$29,500,000","$9,833,333",3.85%,"$12,750,000","$17,000,000",te
313,14,Hunter Henry,TE,"NE
NE",29,2024,2026,3,"$27,000,000","$9,000,000",3.52%,"$15,800,000","$15,800,000",te
314,15,Colby Parkinson,TE,"LAR
LAR",25,2024,2026,3,"$22,500,000","$7,500,000",2.94%,"$10,250,000","$15,500,000",te
315,T16,Josh Oliver,TE,"MIN
MIN",25,2023,2025,3,"$21,000,000","$7,000,000",3.11%,"$8,200,000","$10,700,000",te
316,T16,Noah Fant,TE,"SEA
SEA",26,2024,2025,2,"$21,000,000","$10,500,000",4.11%,"$11,490,000","$11,490,000",te
317,18,Tyler Conklin,TE,"NYJ
NYJ",26,2022,2024,3,"$20,250,000","$6,750,000",3.24%,"$10,000,000","$10,000,000",te
318,19,Brock Bowers,TE,"LV
LV",21,2024,2028,4,"$18,138,784","$4,534,696",1.78%,"$18,138,784","$18,138,784",te
319,20,Noah Gray,TE,"KC
KC",25,2024,2027,3,"$18,000,000","$6,000,000",2.35%,"$10,016,000","$10,016,000",te
320,21,Mo Alie-Cox,TE,"IND
IND",28,2022,2024,3,"$17,550,000","$5,850,000",2.81%,"$8,200,000","$8,200,000",te
321,22,Tyler Higbee,TE,"LAR
LAR",30,2023,2025,2,"$17,000,000","$8,500,000",3.78%,"$11,075,977","$16,075,977",te
322,23,Will Dissly,TE,"LAC
LAC",27,2024,2026,3,"$14,000,000","$4,666,667",1.83%,"$10,000,000","$10,000,000",te
323,24,Dalton Kincaid,TE,"BUF
BUF",23,2023,2027,4,"$13,427,023","$3,356,756",1.49%,"$13,427,023","$13,427,023",te
324,25,Foster Moreau,TE,"NO
NO",26,2023,2025,3,"$12,234,000","$4,078,000",1.81%,"$8,020,000","$8,020,000",te
325,T26,Juwan Johnson,TE,"NO
NO",26,2023,2024,2,"$12,000,000","$6,000,000",2.67%,"$11,510,000","$11,510,000",te
326,T26,Charlie Woerner,TE,"ATL
ATL",26,2024,2026,3,"$12,000,000","$4,000,000",1.57%,"$4,160,000","$6,570,000",te
327,T26,Gerald Everett,TE,"CHI
CHI",29,2024,2025,2,"$12,000,000","$6,000,000",2.35%,"$6,060,000","$6,060,000",te
328,T26,Brock Wright,TE,"DET
DET",25,2024,2026,3,"$12,000,000","$4,000,000",1.57%,"$4,600,000","$4,600,000",te
329,30,Drew Sample,TE,"CIN
CIN",27,2024,2026,3,"$10,500,000","$3,500,000",1.37%,"$2,350,000","$2,350,000",te
330,31,Sam LaPorta,TE,"DET
DET",22,2023,2026,4,"$9,465,990","$2,366,498",1.05%,"$7,517,173","$7,517,173",te
331,32,Michael Mayer,TE,"LV
LV",21,2023,2026,4,"$9,313,645","$2,328,411",1.04%,"$7,596,703","$7,596,703",te
332,33,Luke Musgrave,TE,"GB
GB",22,2023,2026,4,"$8,475,731","$2,118,933",0.94%,"$6,348,429","$6,348,429",te
333,34,Jonnu Smith,TE,"MIA
MIA",28,2024,2025,2,"$8,400,000","$4,200,000",1.64%,"$3,960,000","$3,960,000",te
334,35,Durham Smythe,TE,"MIA
MIA",27,2023,2025,2,"$7,750,000","$3,875,000",1.72%,"$5,500,000","$5,500,000",te
335,36,Adam Trautman,TE,"DEN
DEN",27,2024,2025,2,"$7,500,000","$3,750,000",1.47%,"$5,000,000","$5,000,000",te
336,37,Ben Sinnott,TE,"WAS
WAS",21,2024,2027,4,"$7,227,950","$1,806,988",0.71%,,,te
337,38,Trey McBride,TE,"ARI
ARI",22,2022,2025,4,"$6,299,662","$1,574,916",0.76%,"$2,752,920","$2,752,920",te
338,39,Luke Schoonmaker,TE,"DAL
DAL",24,2023,2026,4,"$6,266,688","$1,566,672",0.70%,"$3,342,441","$3,342,441",te
339,40,Brenton Strange,TE,"JAX
JAX",22,2023,2026,4,"$6,114,333","$1,528,583",0.68%,"$3,224,712","$3,224,712",te
340,41,Tip Reiman,TE,"ARI
ARI",22,2024,2027,4,"$5,789,912","$1,447,478",0.57%,"$1,030,844","$1,030,844",te
341,42,Tucker Kraft,TE,"GB
GB",22,2023,2026,4,"$5,537,934","$1,384,484",0.62%,"$1,027,588","$1,027,588",te
342,43,Jelani Woods,TE,"IND
IND",23,2022,2025,4,"$5,372,473","$1,343,118",0.65%,"$1,087,252","$1,087,252",te
343,44,Darnell Washington,TE,"PIT
PIT",21,2023,2026,4,"$5,353,909","$1,338,477",0.60%,"$893,752","$893,752",te
344,45,Greg Dulcich,TE,"NYG
NYG",21,2022,2025,4,"$5,259,139","$1,314,785",0.63%,"$1,004,828","$1,004,828",te
345,46,Jeremy Ruckert,TE,"NYJ
NYJ",21,2022,2025,4,"$5,044,908","$1,261,227",0.61%,"$849,024","$849,024",te
346,47,Hunter Long,TE,"LAR
LAR",22,2021,2024,4,"$4,968,706","$1,242,177",0.68%,"$973,604","$973,604",te
347,48,Tommy Tremble,TE,"CAR
CAR",20,2021,2024,4,"$4,926,432","$1,231,608",0.67%,"$942,860","$942,860",te
348,49,Ja'Tavion Sanders,TE,"CAR
CAR",21,2024,2027,4,"$4,894,236","$1,223,559",0.48%,"$874,236","$874,236",te
349,50,Theo Johnson,TE,"NYG
NYG",23,2024,2027,4,"$4,851,436","$1,212,859",0.47%,"$831,436","$831,436",te
350,51,Erick All,TE,"CIN
CIN",23,2024,2027,4,"$4,813,104","$1,203,276",0.47%,"$793,104","$793,104",te
351,52,A.J. Barner,TE,"SEA
SEA",21,2024,2027,4,"$4,775,108","$1,193,777",0.47%,"$755,108","$755,108",te
352,53,Cade Stover,TE,"HOU
HOU",23,2024,2027,4,"$4,758,936","$1,189,734",0.47%,"$738,936","$738,936",te
353,54,Jared Wiley,TE,"KC
KC",23,2024,2027,4,"$4,708,620","$1,177,155",0.46%,"$688,620","$688,620",te
354,55,Cade Otton,TE,"TB
TB",22,2022,2025,4,"$4,493,944","$1,123,486",0.54%,"$833,944","$833,944",te
355,56,Daniel Bellinger,TE,"NYG
NYG",21,2022,2025,4,"$4,453,104","$1,113,276",0.53%,"$793,104","$793,104",te
356,T57,Charlie Kolar,TE,"BAL
BAL",22,2022,2025,4,"$4,364,884","$1,091,221",0.52%,"$704,884","$704,884",te
357,T57,Jake Ferguson,TE,"DAL
DAL",22,2022,2025,4,"$4,364,884","$1,091,221",0.52%,"$704,884","$704,884",te
358,59,Tanner McLachlan,TE,"CIN
CIN",25,2024,2027,4,"$4,203,056","$1,050,764",0.41%,"$183,056","$183,056",te
359,60,John Bates,TE,"WAS
WAS",23,2021,2024,4,"$4,202,416","$1,050,604",0.58%,"$722,416","$722,416",te
360,61,Kylen Granson,TE,"IND
IND",22,2021,2024,4,"$4,186,368","$1,046,592",0.57%,"$706,368","$706,368",te
361,62,Josh Whyle,TE,"TEN
TEN",23,2023,2026,4,"$4,165,372","$1,041,343",0.46%,"$325,372","$325,372",te
362,T63,Isaiah Likely,TE,"BAL
BAL",21,2022,2025,4,"$4,164,340","$1,041,085",0.50%,"$504,340","$504,340",te
363,T63,Chig Okonkwo,TE,"TEN
TEN",22,2022,2025,4,"$4,164,340","$1,041,085",0.50%,"$504,340","$504,340",te
364,65,Will Mallory,TE,"IND
IND",23,2023,2026,4,"$4,130,592","$1,032,648",0.46%,"$290,592","$290,592",te
365,66,Jaheim Bell,TE,"NE
NE",22,2024,2027,4,"$4,126,592","$1,031,648",0.40%,"$106,592","$106,592",te
366,67,Devin Culp,TE,"TB
TB",24,2024,2027,4,"$4,106,184","$1,026,546",0.40%,"$86,184","$86,184",te
367,T68,Payne Durham,TE,"TB
TB",22,2023,2026,4,"$4,084,976","$1,021,244",0.45%,"$244,976","$244,976",te
368,T68,Davis Allen,TE,"LAR
LAR",22,2023,2026,4,"$4,084,976","$1,021,244",0.45%,"$244,976","$244,976",te
369,70,Jordan Akins,TE,"CLE
CLE",30,2023,2024,2,"$3,900,000","$1,950,000",0.87%,"$1,730,000","$1,730,000",te
370,71,Andrew Ogletree,TE,"IND
IND",23,2022,2025,4,"$3,838,188","$959,547",0.46%,"$178,188","$178,188",te
371,72,Luke Farrell,TE,"JAX
JAX",22,2021,2024,4,"$3,838,020","$959,505",0.53%,"$358,020","$358,020",te
372,73,Grant Calcaterra,TE,"PHI
PHI",23,2022,2025,4,"$3,834,144","$958,536",0.46%,"$174,144","$174,144",te
373,74,Connor Heyward,TE,"PIT
PIT",22,2022,2025,4,"$3,815,224","$953,806",0.46%,"$155,224","$155,224",te
374,75,Ko Kieft,TE,"TB
TB",23,2022,2025,4,"$3,792,016","$948,004",0.46%,"$132,016","$132,016",te
375,76,Harrison Bryant,TE,"LV
LV",25,2024,2024,1,"$3,250,000","$3,250,000",1.27%,"$2,878,000","$2,878,000",te
376,77,Pharaoh Brown,TE,"SEA
SEA",29,2024,2024,1,"$3,200,000","$3,200,000",1.25%,"$2,690,000","$2,690,000",te
377,78,Austin Hooper,TE,"NE
NE",29,2024,2024,1,"$3,125,000","$3,125,000",1.22%,"$2,410,000","$2,410,000",te
378,79,Zach Ertz,TE,"WAS
WAS",33,2024,2024,1,"$3,000,000","$3,000,000",1.17%,"$1,960,000","$1,960,000",te
379,80,Brevyn Spann-Ford,TE,"DAL
DAL",24,2024,2026,3,"$2,850,000","$950,000",0.37%,"$245,000","$245,000",te
380,T81,Colson Yankoff,TE,"WAS
WAS",24,2024,2026,3,"$2,840,000","$946,667",0.37%,"$50,000","$50,000",te
381,T81,Dallin Holker,TE,"NO
NO",24,2024,2026,3,"$2,840,000","$946,667",0.37%,"$235,000","$235,000",te
382,83,David Martin-Robinson,TE,"TEN
TEN",24,2024,2026,3,"$2,837,500","$945,833",0.37%,"$17,500","$17,500",te
383,84,Julian Hill,TE,"MIA
MIA",22,2023,2025,3,"$2,707,500","$902,500",0.40%,"$42,500","$42,500",te
384,T85,Ben Sims,TE,"GB
GB",22,2023,2025,3,"$2,705,000","$901,667",0.40%,"$110,000","$110,000",te
385,T85,Nate Adkins,TE,"DEN
DEN",23,2023,2025,3,"$2,705,000","$901,667",0.40%,"$75,000","$75,000",te
386,87,John Stephens,TE,"DAL
DAL",23,2023,2025,3,"$2,698,000","$899,333",0.40%,"$3,000","$3,000",te
387,88,Stone Smartt,TE,"LAC
LAC",23,2022,2024,3,"$2,565,000","$855,000",0.41%,"$5,000","$5,000",te
388,89,Mike Gesicki,TE,"CIN
CIN",28,2024,2024,1,"$2,500,000","$2,500,000",0.98%,"$400,000","$400,000",te
389,90,Brevin Jordan,TE,"HOU
HOU",24,2024,2025,1,"$2,100,000","$2,100,000",0.82%,"$850,000","$850,000",te
390,91,Nikola Kalinic,TE,"ATL
ATL",28,2025,2026,2,"$2,045,000","$1,022,500",0.37%,"$10,000","$10,000",te
391,T92,Johnny Mundt,TE,"MIN
MIN",29,2024,2024,1,"$2,000,000","$2,000,000",0.78%,"$750,000","$750,000",te
392,T92,Marcedes Lewis,TE,"CHI
CHI",40,2024,2024,1,"$2,000,000","$2,000,000",0.78%,"$1,000,000","$1,000,000",te
393,T94,Princeton Fant,TE,"DAL
DAL",24,2024,2025,2,"$1,755,000","$877,500",0.34%,,,te
394,T94,E.J. Jenkins,TE,"PHI
PHI",26,2024,2025,2,"$1,755,000","$877,500",0.34%,,,te
395,T94,Brenden Bates,TE,"CLE
CLE",25,2024,2025,2,"$1,755,000","$877,500",0.34%,,,te
396,T97,Lucas Krull,TE,"DEN
DEN",25,2023,2024,2,"$1,665,000","$832,500",0.37%,,,te
397,T97,Travis Vokolek,TE,"ARI
ARI",25,2023,2024,2,"$1,665,000","$832,500",0.37%,,,te
398,99,Kenny Yeboah,TE,"NYJ
NYJ",25,2024,2024,1,"$1,425,000","$1,425,000",0.56%,"$225,000","$225,000",te
399,100,Chris Manhertz,TE,"NYG
NYG",31,2024,2024,1,"$1,377,500","$1,377,500",0.54%,"$117,500","$117,500",te
399,100,Daniel Jones,QB,"NYG
NYG",31,2023,2024,4,"$160,000,000","$40,000,000",0.54%,"$117,500","$117,500",qb
